-- phpMyAdmin SQL Dump
-- version 4.8.5
-- https://www.phpmyadmin.net/
--
-- Host: 127.0.0.1
-- Generation Time: May 24, 2019 at 06:00 AM
-- Server version: 10.1.40-MariaDB
-- PHP Version: 7.3.5

SET SQL_MODE = "NO_AUTO_VALUE_ON_ZERO";
SET AUTOCOMMIT = 0;
START TRANSACTION;
SET time_zone = "+00:00";


/*!40101 SET @OLD_CHARACTER_SET_CLIENT=@@CHARACTER_SET_CLIENT */;
/*!40101 SET @OLD_CHARACTER_SET_RESULTS=@@CHARACTER_SET_RESULTS */;
/*!40101 SET @OLD_COLLATION_CONNECTION=@@COLLATION_CONNECTION */;
/*!40101 SET NAMES utf8mb4 */;

--
-- Database: `gallery_db`
--

-- --------------------------------------------------------

--
-- Table structure for table `album`
--

CREATE TABLE `album` (
  `id` int(11) NOT NULL,
  `name` varchar(30) NOT NULL DEFAULT 'untitled_album',
  `description` varchar(150) DEFAULT NULL,
  `created_by` varchar(50) NOT NULL,
  `cover_photo` varchar(50) NOT NULL,
  `created_at` datetime NOT NULL,
  `photo_count` int(11) NOT NULL DEFAULT '0',
  `likes_count` int(11) NOT NULL DEFAULT '0'
) ENGINE=InnoDB DEFAULT CHARSET=latin1;

--
-- Dumping data for table `album`
--

INSERT INTO `album` (`id`, `name`, `description`, `created_by`, `cover_photo`, `created_at`, `photo_count`, `likes_count`) VALUES
(1, 'Fully-configurable composite s', 'Quisque porta volutpat erat. Quisque erat eros, viverra eget, congue eget, semper rutrum, nulla. Nunc purus.\n\nPhasellus in felis. Donec semper sapien ', 'Niels', 'http://dummyimage.com/143x140.bmp/dddddd/000000', '0000-00-00 00:00:00', 0, 0),
(2, 'Customer-focused transitional ', 'Aenean fermentum. Donec ut mauris eget massa tempor convallis. Nulla neque libero, convallis eget, eleifend luctus, ultricies eu, nibh.', 'justani', 'http://dummyimage.com/117x201.bmp/5fa2dd/ffffff', '0000-00-00 00:00:00', 0, 0),
(3, 'Profit-focused mobile applicat', 'Integer tincidunt ante vel ipsum. Praesent blandit lacinia erat. Vestibulum sed magna at nunc commodo placerat.\n\nPraesent blandit. Nam nulla. Integer ', 'Dasya', 'http://dummyimage.com/120x208.bmp/cc0000/ffffff', '0000-00-00 00:00:00', 0, 0),
(4, 'Automated disintermediate know', 'Mauris enim leo, rhoncus sed, vestibulum sit amet, cursus id, turpis. Integer aliquet, massa id lobortis convallis, tortor risus dapibus augue, vel ac', 'Maryann', 'http://dummyimage.com/196x190.png/ff4444/ffffff', '0000-00-00 00:00:00', 0, 0),
(5, 'Business-focused needs-based G', 'Praesent blandit. Nam nulla. Integer pede justo, lacinia eget, tincidunt eget, tempus vel, pede.', 'Teodor', 'http://dummyimage.com/171x208.jpg/5fa2dd/ffffff', '0000-00-00 00:00:00', 0, 0),
(6, 'Persistent web-enabled open ar', 'Vestibulum quam sapien, varius ut, blandit non, interdum in, ante. Vestibulum ante ipsum primis in faucibus orci luctus et ultrices posuere cubilia Cu', 'Ingunna', 'http://dummyimage.com/159x124.png/ff4444/ffffff', '0000-00-00 00:00:00', 0, 0),
(7, 'Cross-group real-time emulatio', 'Nam ultrices, libero non mattis pulvinar, nulla pede ullamcorper augue, a suscipit nulla elit ac nulla. Sed vel enim sit amet nunc viverra dapibus. Nu', 'justani', 'http://dummyimage.com/240x165.bmp/5fa2dd/ffffff', '0000-00-00 00:00:00', 0, 0),
(8, 'Mandatory stable collaboration', 'Nullam sit amet turpis elementum ligula vehicula consequat. Morbi a ipsum. Integer a nibh.\n\nIn quis justo. Maecenas rhoncus aliquam lacus. Morbi quis ', 'Teddy', 'http://dummyimage.com/174x184.bmp/dddddd/000000', '0000-00-00 00:00:00', 0, 0),
(9, 'Cross-group mobile artificial ', 'Sed ante. Vivamus tortor. Duis mattis egestas metus.\n\nAenean fermentum. Donec ut mauris eget massa tempor convallis. Nulla neque libero, convallis ege', 'justani', 'http://dummyimage.com/102x220.png/ff4444/ffffff', '0000-00-00 00:00:00', 0, 0),
(10, 'Mandatory solution-oriented ca', 'Duis bibendum. Morbi non quam nec dui luctus rutrum. Nulla tellus.\n\nIn sagittis dui vel nisl. Duis ac nibh. Fusce lacus purus, aliquet at, feugiat non', 'Maribelle', 'http://dummyimage.com/102x205.bmp/5fa2dd/ffffff', '0000-00-00 00:00:00', 0, 0),
(11, 'Organized 3rd generation info-', 'Proin eu mi. Nulla ac enim. In tempor, turpis nec euismod scelerisque, quam turpis adipiscing lorem, vitae mattis nibh ligula nec sem.\n\nDuis aliquam c', 'justani', 'http://dummyimage.com/105x135.png/cc0000/ffffff', '0000-00-00 00:00:00', 0, 0),
(12, 'Ergonomic high-level project', 'Duis consequat dui nec nisi volutpat eleifend. Donec ut dolor. Morbi vel lectus in quam fringilla rhoncus.', 'Meyer', 'http://dummyimage.com/182x219.jpg/cc0000/ffffff', '0000-00-00 00:00:00', 0, 0),
(13, 'Journey to Kashmirr', 'With best friends', 'justani', '', '2019-05-23 12:44:58', 0, 0),
(14, 'Trip to janapav', 'Along the mountains', 'justavi', '', '2019-05-23 12:50:17', 0, 0);

-- --------------------------------------------------------

--
-- Table structure for table `like_album`
--

CREATE TABLE `like_album` (
  `album_id` int(11) NOT NULL,
  `user_id` int(11) NOT NULL
) ENGINE=InnoDB DEFAULT CHARSET=latin1;

-- --------------------------------------------------------

--
-- Table structure for table `like_photo`
--

CREATE TABLE `like_photo` (
  `photo_id` int(11) NOT NULL,
  `user_id` int(11) NOT NULL
) ENGINE=InnoDB DEFAULT CHARSET=latin1;

-- --------------------------------------------------------

--
-- Table structure for table `photo`
--

CREATE TABLE `photo` (
  `id` int(11) NOT NULL,
  `name` varchar(30) DEFAULT NULL,
  `description` varchar(150) DEFAULT NULL,
  `image` varchar(255) DEFAULT NULL,
  `created_at` datetime DEFAULT NULL,
  `album_id` int(11) DEFAULT NULL,
  `likes_count` int(11) DEFAULT NULL
) ENGINE=InnoDB DEFAULT CHARSET=latin1;

--
-- Dumping data for table `photo`
--

INSERT INTO `photo` (`id`, `name`, `description`, `image`, `created_at`, `album_id`, `likes_count`) VALUES
(1, NULL, NULL, 'https://robohash.org/facilisautaliquid.bmp?size=50x50&set=set1', '2018-06-27 13:39:52', 3, 14),
(2, NULL, NULL, 'https://robohash.org/nobissapienteest.png?size=50x50&set=set1', '2018-09-20 15:15:49', 9, 36),
(3, NULL, NULL, 'https://robohash.org/maximeiustoprovident.jpg?size=50x50&set=set1', '2019-03-25 04:57:30', 5, 68),
(4, NULL, NULL, 'https://robohash.org/eaexpeditalabore.bmp?size=50x50&set=set1', '2018-11-01 22:26:25', 9, 62),
(5, NULL, NULL, 'https://robohash.org/beataeinciduntet.jpg?size=50x50&set=set1', '2018-09-20 20:46:54', 4, 41),
(6, NULL, NULL, 'https://robohash.org/noneaquevoluptatem.bmp?size=50x50&set=set1', '2019-01-20 16:07:21', 12, 27),
(7, NULL, NULL, 'https://robohash.org/remvelitomnis.jpg?size=50x50&set=set1', '2019-01-11 16:48:52', 13, 58),
(8, NULL, NULL, 'https://robohash.org/omnisabconsequatur.bmp?size=50x50&set=set1', '2019-04-20 01:13:26', 10, 39),
(9, NULL, NULL, 'https://robohash.org/dolorefugitodio.png?size=50x50&set=set1', '2019-04-18 21:28:42', 6, 93),
(10, NULL, NULL, 'https://robohash.org/distinctioipsumsaepe.png?size=50x50&set=set1', '2018-08-24 06:35:50', 6, 97),
(11, NULL, NULL, 'https://robohash.org/inutdolorem.png?size=50x50&set=set1', '2018-08-18 12:17:11', 10, 14),
(12, NULL, NULL, 'https://robohash.org/autmagniconsectetur.png?size=50x50&set=set1', '2018-08-29 07:56:02', 9, 41),
(13, NULL, NULL, 'https://robohash.org/iddoloresvoluptates.bmp?size=50x50&set=set1', '2019-05-12 05:32:36', 13, 77),
(14, NULL, NULL, 'https://robohash.org/temporaveritatislaudantium.jpg?size=50x50&set=set1', '2018-07-30 21:14:26', 10, 13),
(15, NULL, NULL, 'https://robohash.org/providentfugiatvoluptatum.png?size=50x50&set=set1', '2018-10-04 08:18:54', 7, 87),
(16, NULL, NULL, 'https://robohash.org/nonrerummollitia.png?size=50x50&set=set1', '2018-07-31 17:56:55', 9, 99),
(17, NULL, NULL, 'https://robohash.org/oditutqui.png?size=50x50&set=set1', '2018-11-18 05:19:10', 9, 98),
(18, NULL, NULL, 'https://robohash.org/autemexcepturiea.png?size=50x50&set=set1', '2018-09-12 16:23:32', 13, 71),
(19, NULL, NULL, 'https://robohash.org/cupiditaterecusandaeadipisci.jpg?size=50x50&set=set1', '2018-12-14 09:05:27', 7, 92),
(20, NULL, NULL, 'https://robohash.org/commodivoluptateex.jpg?size=50x50&set=set1', '2018-07-26 16:50:24', 7, 45),
(21, NULL, NULL, 'https://robohash.org/namdoloressequi.jpg?size=50x50&set=set1', '2019-03-31 01:38:03', 14, 8),
(22, NULL, NULL, 'https://robohash.org/aliasnisieos.jpg?size=50x50&set=set1', '2019-01-25 17:18:54', 9, 21),
(23, NULL, NULL, 'https://robohash.org/dictapossimusaut.png?size=50x50&set=set1', '2018-10-27 16:12:34', 2, 13),
(24, NULL, NULL, 'https://robohash.org/iustoliberomagni.jpg?size=50x50&set=set1', '2018-10-02 03:05:19', 5, 54),
(25, NULL, NULL, 'https://robohash.org/utminusfuga.jpg?size=50x50&set=set1', '2018-12-10 10:36:03', 9, 18),
(26, NULL, NULL, 'https://robohash.org/quonesciuntmagnam.bmp?size=50x50&set=set1', '2019-01-22 15:06:33', 12, 21),
(27, NULL, NULL, 'https://robohash.org/doloremqueearumculpa.bmp?size=50x50&set=set1', '2019-04-09 14:20:40', 1, 43),
(28, NULL, NULL, 'https://robohash.org/reprehenderittemporadolores.bmp?size=50x50&set=set1', '2018-08-16 19:57:21', 2, 10),
(29, NULL, NULL, 'https://robohash.org/accusamusillumut.png?size=50x50&set=set1', '2019-04-13 08:56:37', 4, 9),
(30, NULL, NULL, 'https://robohash.org/idfaciliscorporis.bmp?size=50x50&set=set1', '2019-05-22 00:28:07', 1, 75),
(31, NULL, NULL, 'https://robohash.org/doloribusveritatisarchitecto.png?size=50x50&set=set1', '2019-03-25 01:17:09', 3, 92),
(32, NULL, NULL, 'https://robohash.org/cumquevoluptatibusid.jpg?size=50x50&set=set1', '2018-09-22 02:21:11', 2, 22),
(33, NULL, NULL, 'https://robohash.org/quasietinventore.png?size=50x50&set=set1', '2018-05-30 03:41:10', 2, 56),
(34, NULL, NULL, 'https://robohash.org/voluptasmagnamvel.bmp?size=50x50&set=set1', '2019-03-06 12:22:31', 13, 43),
(35, NULL, NULL, 'https://robohash.org/errorlaudantiumquia.bmp?size=50x50&set=set1', '2018-10-07 10:49:41', 10, 26),
(36, NULL, NULL, 'https://robohash.org/nobisfugitmagni.bmp?size=50x50&set=set1', '2018-12-10 21:31:42', 4, 41),
(37, NULL, NULL, 'https://robohash.org/autemfaciliseum.jpg?size=50x50&set=set1', '2018-12-19 09:43:52', 13, 61),
(38, NULL, NULL, 'https://robohash.org/expeditacommodisit.jpg?size=50x50&set=set1', '2018-05-27 17:58:46', 2, 15),
(39, NULL, NULL, 'https://robohash.org/doloresinciduntdicta.bmp?size=50x50&set=set1', '2018-12-31 14:31:19', 7, 98),
(40, NULL, NULL, 'https://robohash.org/magniilloaut.bmp?size=50x50&set=set1', '2019-03-05 23:59:41', 9, 81),
(41, NULL, NULL, 'https://robohash.org/euminlibero.jpg?size=50x50&set=set1', '2018-08-30 02:01:38', 3, 48),
(42, NULL, NULL, 'https://robohash.org/eumsedid.png?size=50x50&set=set1', '2018-08-07 16:42:21', 12, 9),
(43, NULL, NULL, 'https://robohash.org/enimeumvoluptatem.bmp?size=50x50&set=set1', '2019-05-05 15:50:46', 11, 36),
(44, NULL, NULL, 'https://robohash.org/eossitearum.png?size=50x50&set=set1', '2018-10-12 23:26:50', 3, 25),
(45, NULL, NULL, 'https://robohash.org/sequiinciduntquis.jpg?size=50x50&set=set1', '2018-08-15 13:50:19', 3, 64),
(46, NULL, NULL, 'https://robohash.org/totamullamodio.bmp?size=50x50&set=set1', '2018-09-30 03:57:11', 9, 81),
(47, NULL, NULL, 'https://robohash.org/dictaomnismolestias.bmp?size=50x50&set=set1', '2019-02-28 07:09:27', 9, 19),
(48, NULL, NULL, 'https://robohash.org/repudiandaeetquos.jpg?size=50x50&set=set1', '2018-07-08 07:01:54', 11, 49),
(49, NULL, NULL, 'https://robohash.org/quiutnostrum.png?size=50x50&set=set1', '2018-09-12 03:44:49', 3, 99),
(50, NULL, NULL, 'https://robohash.org/explicaboomnisperferendis.bmp?size=50x50&set=set1', '2018-06-10 03:04:11', 8, 99),
(51, NULL, NULL, 'https://robohash.org/etmodidoloribus.bmp?size=50x50&set=set1', '2019-02-14 18:24:59', 8, 91),
(52, NULL, NULL, 'https://robohash.org/deseruntaliquidnulla.bmp?size=50x50&set=set1', '2019-02-09 18:01:44', 14, 5),
(53, NULL, NULL, 'https://robohash.org/omnisadipiscinobis.jpg?size=50x50&set=set1', '2018-11-23 15:45:15', 13, 23),
(54, NULL, NULL, 'https://robohash.org/quiaaliquamnatus.png?size=50x50&set=set1', '2018-11-10 19:34:43', 14, 48),
(55, NULL, NULL, 'https://robohash.org/earumquirerum.bmp?size=50x50&set=set1', '2018-06-26 02:36:12', 2, 97),
(56, NULL, NULL, 'https://robohash.org/ipsautquos.jpg?size=50x50&set=set1', '2018-11-01 06:47:19', 4, 71),
(57, NULL, NULL, 'https://robohash.org/autautut.jpg?size=50x50&set=set1', '2018-09-25 06:53:21', 7, 100),
(58, NULL, NULL, 'https://robohash.org/perspiciatiseaqueab.png?size=50x50&set=set1', '2019-02-22 11:04:23', 3, 20),
(59, NULL, NULL, 'https://robohash.org/harumnemonulla.png?size=50x50&set=set1', '2018-11-25 12:19:21', 8, 38),
(60, NULL, NULL, 'https://robohash.org/etdoloresiure.bmp?size=50x50&set=set1', '2019-02-08 01:54:28', 6, 8),
(61, NULL, NULL, 'https://robohash.org/sequiinrerum.jpg?size=50x50&set=set1', '2018-10-01 05:24:49', 2, 78),
(62, NULL, NULL, 'https://robohash.org/etautemerror.bmp?size=50x50&set=set1', '2019-02-24 20:27:09', 7, 92),
(63, NULL, NULL, 'https://robohash.org/solutalaboriosamet.png?size=50x50&set=set1', '2019-01-25 19:20:57', 8, 67),
(64, NULL, NULL, 'https://robohash.org/quiasapienteconsequatur.png?size=50x50&set=set1', '2018-06-16 01:59:34', 3, 65),
(65, NULL, NULL, 'https://robohash.org/omnisconsequaturnon.bmp?size=50x50&set=set1', '2018-12-06 06:57:18', 5, 48),
(66, NULL, NULL, 'https://robohash.org/utvitaeofficia.png?size=50x50&set=set1', '2018-06-08 17:27:39', 9, 74),
(67, NULL, NULL, 'https://robohash.org/autdoloresalias.png?size=50x50&set=set1', '2019-04-19 14:05:57', 11, 64),
(68, NULL, NULL, 'https://robohash.org/possimusnonomnis.bmp?size=50x50&set=set1', '2018-09-27 10:37:32', 14, 29),
(69, NULL, NULL, 'https://robohash.org/explicabovelomnis.png?size=50x50&set=set1', '2019-05-21 12:56:59', 10, 56),
(70, NULL, NULL, 'https://robohash.org/quiaquisit.bmp?size=50x50&set=set1', '2019-03-25 14:26:34', 2, 41),
(71, NULL, NULL, 'https://robohash.org/iurenullaipsum.bmp?size=50x50&set=set1', '2018-10-06 07:31:05', 13, 36),
(72, NULL, NULL, 'https://robohash.org/etcupiditateet.png?size=50x50&set=set1', '2018-09-06 16:14:35', 12, 9),
(73, NULL, NULL, 'https://robohash.org/itaquesuscipitvel.bmp?size=50x50&set=set1', '2018-09-19 00:59:21', 4, 35),
(74, NULL, NULL, 'https://robohash.org/undeinventorenesciunt.bmp?size=50x50&set=set1', '2018-10-16 20:08:23', 6, 40),
(75, NULL, NULL, 'https://robohash.org/quidoloremvero.png?size=50x50&set=set1', '2019-01-03 16:42:49', 6, 84),
(76, NULL, NULL, 'https://robohash.org/quiaperiamconsectetur.bmp?size=50x50&set=set1', '2018-06-30 03:40:10', 2, 75),
(77, NULL, NULL, 'https://robohash.org/etnecessitatibusaut.jpg?size=50x50&set=set1', '2018-08-03 04:23:30', 14, 19),
(78, NULL, NULL, 'https://robohash.org/omnisculpain.bmp?size=50x50&set=set1', '2019-03-11 19:10:58', 10, 87),
(79, NULL, NULL, 'https://robohash.org/inquieum.png?size=50x50&set=set1', '2018-10-10 18:48:26', 4, 96),
(80, NULL, NULL, 'https://robohash.org/doloribusvoluptatemfugiat.bmp?size=50x50&set=set1', '2019-02-04 22:07:49', 8, 85),
(81, NULL, NULL, 'https://robohash.org/namnobisreprehenderit.bmp?size=50x50&set=set1', '2019-05-18 17:17:27', 8, 59),
(82, NULL, NULL, 'https://robohash.org/corporisaliastempora.png?size=50x50&set=set1', '2019-02-16 07:57:14', 10, 81),
(83, NULL, NULL, 'https://robohash.org/etvelitinventore.bmp?size=50x50&set=set1', '2018-08-29 10:09:55', 4, 57),
(84, NULL, NULL, 'https://robohash.org/necessitatibusaliasarchitecto.png?size=50x50&set=set1', '2018-08-17 17:20:56', 14, 27),
(85, NULL, NULL, 'https://robohash.org/voluptatemipsadoloribus.jpg?size=50x50&set=set1', '2019-04-04 07:03:06', 10, 30),
(86, NULL, NULL, 'https://robohash.org/magnamipsumconsequatur.jpg?size=50x50&set=set1', '2019-01-14 18:01:07', 8, 57),
(87, NULL, NULL, 'https://robohash.org/ipsarationecupiditate.bmp?size=50x50&set=set1', '2019-02-07 06:30:31', 3, 18),
(88, NULL, NULL, 'https://robohash.org/quisquamsitnon.jpg?size=50x50&set=set1', '2019-04-30 16:13:57', 6, 39),
(89, NULL, NULL, 'https://robohash.org/consequunturassumendaaut.bmp?size=50x50&set=set1', '2018-10-20 12:56:43', 9, 56),
(90, NULL, NULL, 'https://robohash.org/itaqueetomnis.jpg?size=50x50&set=set1', '2018-12-29 16:26:28', 5, 81),
(91, NULL, NULL, 'https://robohash.org/omnisquialiquid.jpg?size=50x50&set=set1', '2019-01-14 02:03:37', 1, 36),
(92, NULL, NULL, 'https://robohash.org/etdignissimosquia.png?size=50x50&set=set1', '2019-04-13 08:18:56', 1, 89),
(93, NULL, NULL, 'https://robohash.org/doloremexplicaboasperiores.png?size=50x50&set=set1', '2018-12-30 13:52:50', 13, 60),
(94, NULL, NULL, 'https://robohash.org/providentnatusomnis.jpg?size=50x50&set=set1', '2018-10-01 18:50:15', 3, 23),
(95, NULL, NULL, 'https://robohash.org/magniitaquequo.jpg?size=50x50&set=set1', '2018-07-31 15:33:13', 8, 5),
(96, NULL, NULL, 'https://robohash.org/nisiducimusdistinctio.jpg?size=50x50&set=set1', '2018-05-31 02:34:07', 4, 77),
(97, NULL, NULL, 'https://robohash.org/autmagniat.bmp?size=50x50&set=set1', '2019-02-07 11:06:18', 2, 5),
(98, NULL, NULL, 'https://robohash.org/undeculpaimpedit.bmp?size=50x50&set=set1', '2019-05-11 15:00:22', 13, 32),
(99, NULL, NULL, 'https://robohash.org/quiaaveniam.bmp?size=50x50&set=set1', '2019-02-09 00:44:43', 1, 98),
(100, NULL, NULL, 'https://robohash.org/similiqueeumdolorum.png?size=50x50&set=set1', '2018-11-06 23:27:29', 1, 28);

-- --------------------------------------------------------

--
-- Table structure for table `user`
--

CREATE TABLE `user` (
  `id` int(11) NOT NULL,
  `username` varchar(30) NOT NULL,
  `first_name` varchar(30) NOT NULL,
  `last_name` varchar(30) NOT NULL,
  `email` varchar(30) NOT NULL,
  `gender` varchar(30) NOT NULL,
  `profile_picture` varchar(50) DEFAULT NULL,
  `password` varchar(255) NOT NULL,
  `created_at` datetime NOT NULL
) ENGINE=InnoDB DEFAULT CHARSET=latin1;

--
-- Dumping data for table `user`
--

INSERT INTO `user` (`id`, `username`, `first_name`, `last_name`, `email`, `gender`, `profile_picture`, `password`, `created_at`) VALUES
(215, 'Ellsworth', 'Fonz', 'Naisbit', 'fnaisbit0@china.com.cn', 'Male', 'https://robohash.org/fugadeseruntnon.jpg?size=50x5', 'e10adc3949ba59abbe56e057f20f883e', '0000-00-00 00:00:00'),
(216, 'Lorrin', 'Andeee', 'Willatts', 'awillatts1@ibm.com', 'Female', 'https://robohash.org/aliquamquiasuscipit.png?size=', 'e10adc3949ba59abbe56e057f20f883e', '0000-00-00 00:00:00'),
(217, 'Duke', 'Gar', 'Stubbert', 'gstubbert2@163.com', 'Male', 'https://robohash.org/autrerumquisquam.png?size=50x', 'e10adc3949ba59abbe56e057f20f883e', '0000-00-00 00:00:00'),
(218, 'Greggory', 'John', 'Swithenby', 'jswithenby3@symantec.com', 'Male', 'https://robohash.org/praesentiumetneque.jpg?size=5', 'e10adc3949ba59abbe56e057f20f883e', '0000-00-00 00:00:00'),
(219, 'Fiann', 'Charla', 'Diloway', 'cdiloway4@google.com.br', 'Female', 'https://robohash.org/aliasundenatus.png?size=50x50', 'e10adc3949ba59abbe56e057f20f883e', '0000-00-00 00:00:00'),
(220, 'Lauree', 'Willamina', 'Howison', 'whowison5@state.gov', 'Female', 'https://robohash.org/estnemoipsa.bmp?size=50x50&se', 'e10adc3949ba59abbe56e057f20f883e', '0000-00-00 00:00:00'),
(221, 'Lancelot', 'Galen', 'Bellee', 'gbellee6@discuz.net', 'Male', 'https://robohash.org/quiasuntqui.png?size=50x50&se', 'e10adc3949ba59abbe56e057f20f883e', '0000-00-00 00:00:00'),
(222, 'Elton', 'Harrison', 'Crossan', 'hcrossan7@gov.uk', 'Male', 'https://robohash.org/nequefugitadipisci.jpg?size=5', 'e10adc3949ba59abbe56e057f20f883e', '0000-00-00 00:00:00'),
(223, 'Andras', 'Dominic', 'Mouncey', 'dmouncey8@wikipedia.org', 'Male', 'https://robohash.org/esthicvoluptates.png?size=50x', 'e10adc3949ba59abbe56e057f20f883e', '0000-00-00 00:00:00'),
(224, 'Gregoor', 'Gay', 'Terran', 'gterran9@simplemachines.org', 'Male', 'https://robohash.org/magnamrepudiandaeexercitation', 'e10adc3949ba59abbe56e057f20f883e', '0000-00-00 00:00:00'),
(225, 'Ingunna', 'Leonelle', 'Hallbird', 'lhallbirda@about.com', 'Female', 'https://robohash.org/autsapienteipsum.bmp?size=50x', 'e10adc3949ba59abbe56e057f20f883e', '0000-00-00 00:00:00'),
(226, 'Roland', 'Godfrey', 'Vynehall', 'gvynehallb@accuweather.com', 'Male', 'https://robohash.org/explicabosuntquia.png?size=50', 'e10adc3949ba59abbe56e057f20f883e', '0000-00-00 00:00:00'),
(227, 'Edwina', 'Miof mela', 'Chevis', 'mchevisc@sina.com.cn', 'Female', 'https://robohash.org/temporasedminima.png?size=50x', 'e10adc3949ba59abbe56e057f20f883e', '0000-00-00 00:00:00'),
(228, 'Cassey', 'Helena', 'Louche', 'hlouched@linkedin.com', 'Female', 'https://robohash.org/iureetimpedit.png?size=50x50&', 'e10adc3949ba59abbe56e057f20f883e', '0000-00-00 00:00:00'),
(229, 'Alyse', 'Ediva', 'Emlen', 'eemlene@webmd.com', 'Female', 'https://robohash.org/quaeratnondolor.bmp?size=50x5', 'e10adc3949ba59abbe56e057f20f883e', '0000-00-00 00:00:00'),
(230, 'Winny', 'Julie', 'Ronaldson', 'jronaldsonf@flickr.com', 'Female', 'https://robohash.org/quiaaliaslibero.bmp?size=50x5', 'e10adc3949ba59abbe56e057f20f883e', '0000-00-00 00:00:00'),
(231, 'Pascale', 'Peirce', 'Inde', 'pindeg@nih.gov', 'Male', 'https://robohash.org/molestiaevoluptatemsed.png?si', 'e10adc3949ba59abbe56e057f20f883e', '0000-00-00 00:00:00'),
(232, 'Waldon', 'Gary', 'Beardwell', 'gbeardwellh@elegantthemes.com', 'Male', 'https://robohash.org/adipisciautnon.png?size=50x50', 'e10adc3949ba59abbe56e057f20f883e', '0000-00-00 00:00:00'),
(233, 'Waylen', 'Anselm', 'Yushankin', 'ayushankini@toplist.cz', 'Male', 'https://robohash.org/molestiaeerrorconsequatur.jpg', 'e10adc3949ba59abbe56e057f20f883e', '0000-00-00 00:00:00'),
(234, 'Fredric', 'Hamilton', 'Stork', 'hstorkj@sfgate.com', 'Male', 'https://robohash.org/quissolutaeius.bmp?size=50x50', 'e10adc3949ba59abbe56e057f20f883e', '0000-00-00 00:00:00'),
(235, 'Teddy', 'Raoul', 'Paulillo', 'rpaulillok@w3.org', 'Male', 'https://robohash.org/sintquaset.jpg?size=50x50&set', 'e10adc3949ba59abbe56e057f20f883e', '0000-00-00 00:00:00'),
(236, 'Graehme', 'Lonnie', 'Thomasen', 'lthomasenl@wunderground.com', 'Male', 'https://robohash.org/enimquiveniam.jpg?size=50x50&', 'e10adc3949ba59abbe56e057f20f883e', '0000-00-00 00:00:00'),
(237, 'Mathe', 'Murray', 'Notti', 'mnottim@bandcamp.com', 'Male', 'https://robohash.org/quodducimusrerum.png?size=50x', 'e10adc3949ba59abbe56e057f20f883e', '0000-00-00 00:00:00'),
(238, 'Maribelle', 'Rivalee', 'Habergham', 'rhaberghamn@utexas.edu', 'Female', 'https://robohash.org/temporafugitexpedita.bmp?size', 'e10adc3949ba59abbe56e057f20f883e', '0000-00-00 00:00:00'),
(239, 'Vince', 'Decca', 'Dawbury', 'ddawburyo@apple.com', 'Male', 'https://robohash.org/possimusiustovelit.jpg?size=5', 'e10adc3949ba59abbe56e057f20f883e', '0000-00-00 00:00:00'),
(240, 'Bale', 'Alexander', 'Brettoner', 'abrettonerp@mtv.com', 'Male', 'https://robohash.org/quialiquamquaerat.bmp?size=50', 'e10adc3949ba59abbe56e057f20f883e', '0000-00-00 00:00:00'),
(241, 'Siouxie', 'Brit', 'Cantwell', 'bcantwellq@dagondesign.com', 'Female', 'https://robohash.org/sinttotamtempora.bmp?size=50x', 'e10adc3949ba59abbe56e057f20f883e', '0000-00-00 00:00:00'),
(242, 'Mendel', 'Winthrop', 'Lunny', 'wlunnyr@tumblr.com', 'Male', 'https://robohash.org/quosdictaminus.bmp?size=50x50', 'e10adc3949ba59abbe56e057f20f883e', '0000-00-00 00:00:00'),
(243, 'Carla', 'Sena', 'Warn', 'swarns@go.com', 'Female', 'https://robohash.org/velminimareiciendis.png?size=', 'e10adc3949ba59abbe56e057f20f883e', '0000-00-00 00:00:00'),
(244, 'Audrye', 'Marji', 'Korneluk', 'mkornelukt@360.cn', 'Female', 'https://robohash.org/autemremest.bmp?size=50x50&se', 'e10adc3949ba59abbe56e057f20f883e', '0000-00-00 00:00:00'),
(245, 'Barde', 'Ronny', 'Puttrell', 'rputtrellu@cbsnews.com', 'Male', 'https://robohash.org/omnisquiamaiores.jpg?size=50x', 'e10adc3949ba59abbe56e057f20f883e', '0000-00-00 00:00:00'),
(246, 'Evelina', 'Alice', 'Avon', 'aavonv@earthlink.net', 'Female', 'https://robohash.org/estsuntrerum.jpg?size=50x50&s', 'e10adc3949ba59abbe56e057f20f883e', '0000-00-00 00:00:00'),
(247, 'Dasya', 'Claudetta', 'Bartolomeu', 'cbartolomeuw@shareasale.com', 'Female', 'https://robohash.org/voluptatumautreiciendis.png?s', 'e10adc3949ba59abbe56e057f20f883e', '0000-00-00 00:00:00'),
(248, 'Avigdor', 'Kliment', 'Hinkens', 'khinkensx@fema.gov', 'Male', 'https://robohash.org/eterrorquas.png?size=50x50&se', 'e10adc3949ba59abbe56e057f20f883e', '0000-00-00 00:00:00'),
(249, 'Geoffry', 'Powell', 'Mosedale', 'pmosedaley@list-manage.com', 'Male', 'https://robohash.org/corporisatquesimilique.bmp?si', 'e10adc3949ba59abbe56e057f20f883e', '0000-00-00 00:00:00'),
(250, 'Tate', 'Reynard', 'Rosbrough', 'rrosbroughz@mayoclinic.com', 'Male', 'https://robohash.org/veniametdolorum.bmp?size=50x5', 'e10adc3949ba59abbe56e057f20f883e', '0000-00-00 00:00:00'),
(251, 'Radcliffe', 'Wadsworth', 'Penk', 'wpenk10@dot.gov', 'Male', 'https://robohash.org/expeditadeseruntfacere.png?si', 'e10adc3949ba59abbe56e057f20f883e', '0000-00-00 00:00:00'),
(252, 'Cullin', 'Raviv', 'Sutheran', 'rsutheran11@yolasite.com', 'Male', 'https://robohash.org/nostrumsedvelit.bmp?size=50x5', 'e10adc3949ba59abbe56e057f20f883e', '0000-00-00 00:00:00'),
(253, 'Marilin', 'Roseanne', 'Dochon', 'rdochon12@php.net', 'Female', 'https://robohash.org/recusandaeperspiciatisnon.bmp', 'e10adc3949ba59abbe56e057f20f883e', '0000-00-00 00:00:00'),
(254, 'Modestia', 'Audra', 'Jamson', 'ajamson13@addtoany.com', 'Female', 'https://robohash.org/facilisautemsunt.bmp?size=50x', 'e10adc3949ba59abbe56e057f20f883e', '0000-00-00 00:00:00'),
(255, 'Almeda', 'Albertina', 'Klimp', 'aklimp14@creativecommons.org', 'Female', 'https://robohash.org/cumquevoluptatumsoluta.bmp?si', 'e10adc3949ba59abbe56e057f20f883e', '0000-00-00 00:00:00'),
(256, 'Paulita', 'Malynda', 'Malinson', 'mmalinson15@who.int', 'Female', 'https://robohash.org/estexpeditaquia.jpg?size=50x5', 'e10adc3949ba59abbe56e057f20f883e', '0000-00-00 00:00:00'),
(257, 'Rube', 'Carney', 'Mustill', 'cmustill16@gizmodo.com', 'Male', 'https://robohash.org/ullamfaceresequi.bmp?size=50x', 'e10adc3949ba59abbe56e057f20f883e', '0000-00-00 00:00:00'),
(258, 'Callida', 'Danya', 'Mooring', 'dmooring17@unc.edu', 'Female', 'https://robohash.org/istenostrumquisquam.bmp?size=', 'e10adc3949ba59abbe56e057f20f883e', '0000-00-00 00:00:00'),
(259, 'Sibilla', 'Vanny', 'Loyd', 'vloyd18@imgur.com', 'Female', 'https://robohash.org/temporibuscorporisunde.png?si', 'e10adc3949ba59abbe56e057f20f883e', '0000-00-00 00:00:00'),
(260, 'Marve', 'Aldrich', 'Guarnier', 'aguarnier19@pagesperso-orange.', 'Male', 'https://robohash.org/innumquamreprehenderit.jpg?si', 'e10adc3949ba59abbe56e057f20f883e', '0000-00-00 00:00:00'),
(261, 'Dill', 'Charles', 'Pucker', 'cpucker1a@jimdo.com', 'Male', 'https://robohash.org/inducimustotam.png?size=50x50', 'e10adc3949ba59abbe56e057f20f883e', '0000-00-00 00:00:00'),
(262, 'Maryann', 'Catherin', 'Biagini', 'cbiagini1b@usa.gov', 'Female', 'https://robohash.org/dolorquamhic.png?size=50x50&s', 'e10adc3949ba59abbe56e057f20f883e', '0000-00-00 00:00:00'),
(263, 'Abigale', 'Amalia', 'Chapier', 'achapier1c@tuttocitta.it', 'Female', 'https://robohash.org/ettemporeest.bmp?size=50x50&s', 'e10adc3949ba59abbe56e057f20f883e', '0000-00-00 00:00:00'),
(264, 'Madelaine', 'Teena', 'Gianelli', 'tgianelli1d@mozilla.org', 'Female', 'https://robohash.org/autveritatislaudantium.png?si', 'e10adc3949ba59abbe56e057f20f883e', '0000-00-00 00:00:00'),
(265, 'Jdavie', 'Archibold', 'Pesticcio', 'apesticcio1e@japanpost.jp', 'Male', 'https://robohash.org/deseruntillumsapiente.jpg?siz', 'e10adc3949ba59abbe56e057f20f883e', '0000-00-00 00:00:00'),
(266, 'Aretha', 'Gerhardine', 'Broadstock', 'gbroadstock1f@webeden.co.uk', 'Female', 'https://robohash.org/eosistevoluptas.bmp?size=50x5', 'e10adc3949ba59abbe56e057f20f883e', '0000-00-00 00:00:00'),
(267, 'Foster', 'Ly', 'Sloper', 'lsloper1g@craigslist.org', 'Male', 'https://robohash.org/inciduntdignissimosnobis.png?', 'e10adc3949ba59abbe56e057f20f883e', '0000-00-00 00:00:00'),
(268, 'Derrik', 'Barclay', 'MacKain', 'bmackain1h@imdb.com', 'Male', 'https://robohash.org/cumqueteneturqui.bmp?size=50x', 'e10adc3949ba59abbe56e057f20f883e', '0000-00-00 00:00:00'),
(269, 'Andrus', 'Myrvyn', 'Cantor', 'mcantor1i@parallels.com', 'Male', 'https://robohash.org/omnisametnatus.png?size=50x50', 'e10adc3949ba59abbe56e057f20f883e', '0000-00-00 00:00:00'),
(270, 'Ricky', 'Cayla', 'Hauck', 'chauck1j@vkontakte.ru', 'Female', 'https://robohash.org/exercitationemestfacere.png?s', 'e10adc3949ba59abbe56e057f20f883e', '0000-00-00 00:00:00'),
(271, 'Cyndy', 'Layne', 'Castiello', 'lcastiello1k@princeton.edu', 'Female', 'https://robohash.org/blanditiispariaturquia.png?si', 'e10adc3949ba59abbe56e057f20f883e', '0000-00-00 00:00:00'),
(272, 'Dallas', 'Tymothy', 'Rockall', 'trockall1l@over-blog.com', 'Male', 'https://robohash.org/aliasvoluptasdeserunt.jpg?siz', 'e10adc3949ba59abbe56e057f20f883e', '0000-00-00 00:00:00'),
(273, 'Analiese', 'Arlie', 'Eliot', 'aeliot1m@i2i.jp', 'Female', 'https://robohash.org/autemsitquisquam.bmp?size=50x', 'e10adc3949ba59abbe56e057f20f883e', '0000-00-00 00:00:00'),
(274, 'Letti', 'Belva', 'Fetherby', 'bfetherby1n@archive.org', 'Female', 'https://robohash.org/etsequiexercitationem.bmp?siz', 'e10adc3949ba59abbe56e057f20f883e', '0000-00-00 00:00:00'),
(275, 'Torrey', 'Clint', 'Posten', 'cposten1o@sciencedaily.com', 'Male', 'https://robohash.org/voluptateutconsequatur.jpg?si', 'e10adc3949ba59abbe56e057f20f883e', '0000-00-00 00:00:00'),
(276, 'Bord', 'Bard', 'Van Salzberger', 'bvansalzberger1p@usatoday.com', 'Male', 'https://robohash.org/aliasestfugit.jpg?size=50x50&', 'e10adc3949ba59abbe56e057f20f883e', '0000-00-00 00:00:00'),
(277, 'Knox', 'Roldan', 'Merrill', 'rmerrill1q@gravatar.com', 'Male', 'https://robohash.org/maximeinciduntimpedit.jpg?siz', 'e10adc3949ba59abbe56e057f20f883e', '0000-00-00 00:00:00'),
(279, 'Axel', 'Claiborne', 'Cisco', 'ccisco1s@1und1.de', 'Male', 'https://robohash.org/iureadipiscipossimus.png?size', 'e10adc3949ba59abbe56e057f20f883e', '0000-00-00 00:00:00'),
(280, 'Walton', 'Dev', 'Meadows', 'dmeadows2s@marketwatch.com', 'Male', 'https://robohash.org/debitisoccaecatiquia.png?size', 'e10adc3949ba59abbe56e057f20f883e', '0000-00-00 00:00:00'),
(281, 'Petey', 'Witty', 'Ales0', 'wales2t@51.la', 'Male', 'https://robohash.org/etsequiaut.png?size=50x50&set', 'e10adc3949ba59abbe56e057f20f883e', '0000-00-00 00:00:00'),
(282, 'Friedrich', 'Morry', 'Burnes', 'mburnes2u@nasa.gov', 'Male', 'https://robohash.org/necessitatibusoccaecativolupt', 'e10adc3949ba59abbe56e057f20f883e', '0000-00-00 00:00:00'),
(283, 'Elfreda', 'Perrine', 'Rottger', 'prottger2v@odnoklassniki.ru', 'Female', 'https://robohash.org/consecteturnesciuntquibusdam.', 'e10adc3949ba59abbe56e057f20f883e', '0000-00-00 00:00:00'),
(284, 'Borden', 'Ave', 'Scalia', 'ascalia2w@amazonaws.com', 'Male', 'https://robohash.org/delectusevenieteum.bmp?size=5', 'e10adc3949ba59abbe56e057f20f883e', '0000-00-00 00:00:00'),
(285, 'Parnell', 'Geoff', 'Woolcocks', 'gwoolcocks2x@nyu.edu', 'Male', 'https://robohash.org/sedblanditiisaut.png?size=50x', 'e10adc3949ba59abbe56e057f20f883e', '0000-00-00 00:00:00'),
(286, 'Julee', 'Tim', 'Begley', 'tbegley2y@cbslocal.com', 'Female', 'https://robohash.org/iureidmolestias.jpg?size=50x5', 'e10adc3949ba59abbe56e057f20f883e', '0000-00-00 00:00:00'),
(287, 'Jacky', 'Cymbre', 'Craigg', 'ccraigg2z@nifty.com', 'Female', 'https://robohash.org/etutlaboriosam.bmp?size=50x50', 'e10adc3949ba59abbe56e057f20f883e', '0000-00-00 00:00:00'),
(288, 'Heriberto', 'Lazar', 'Santos', 'lsantos30@webeden.co.uk', 'Male', 'https://robohash.org/perferendisnatusaliquam.png?s', 'e10adc3949ba59abbe56e057f20f883e', '0000-00-00 00:00:00'),
(289, 'Blondie', 'Nara', 'Synan', 'nsynan31@jimdo.com', 'Female', 'https://robohash.org/estnullaex.png?size=50x50&set', 'e10adc3949ba59abbe56e057f20f883e', '0000-00-00 00:00:00'),
(290, 'Justino', 'Elwyn', 'MacPhee', 'emacphee32@un.org', 'Male', 'https://robohash.org/sintvoluptatemperspiciatis.jp', 'e10adc3949ba59abbe56e057f20f883e', '0000-00-00 00:00:00'),
(291, 'Stefano', 'Ives', 'Dodle', 'idodle33@posterous.com', 'Male', 'https://robohash.org/ipsamrepellatomnis.png?size=5', 'e10adc3949ba59abbe56e057f20f883e', '0000-00-00 00:00:00'),
(292, 'Edie', 'Sharleen', 'Chessun', 'schessun34@shutterfly.com', 'Female', 'https://robohash.org/perspiciatissapienteodio.jpg?', 'e10adc3949ba59abbe56e057f20f883e', '0000-00-00 00:00:00'),
(293, 'Anatollo', 'Cort', 'Beggini', 'cbeggini35@icio.us', 'Male', 'https://robohash.org/omnisoptionihil.bmp?size=50x5', 'e10adc3949ba59abbe56e057f20f883e', '0000-00-00 00:00:00'),
(294, 'Felicle', 'Tilly', 'Nisbith', 'tnisbith36@e-recht24.de', 'Female', 'https://robohash.org/suntsintrerum.bmp?size=50x50&', 'e10adc3949ba59abbe56e057f20f883e', '0000-00-00 00:00:00'),
(295, 'Heath', 'Morrie', 'Bulcock', 'mbulcock37@dion.ne.jp', 'Male', 'https://robohash.org/deseruntlaudantiumin.png?size', 'e10adc3949ba59abbe56e057f20f883e', '0000-00-00 00:00:00'),
(296, 'Ardra', 'Cheri', 'Feitosa', 'cfeitosa38@nifty.com', 'Female', 'https://robohash.org/etvoluptatessit.png?size=50x5', 'e10adc3949ba59abbe56e057f20f883e', '0000-00-00 00:00:00'),
(297, 'Dorolisa', 'Janella', 'Lavers', 'jlavers39@marriott.com', 'Female', 'https://robohash.org/eadolorquidem.bmp?size=50x50&', 'e10adc3949ba59abbe56e057f20f883e', '0000-00-00 00:00:00'),
(298, 'Matilda', 'Stace', 'Pillington', 'spillington3a@toplist.cz', 'Female', 'https://robohash.org/estquosquaerat.jpg?size=50x50', 'e10adc3949ba59abbe56e057f20f883e', '0000-00-00 00:00:00'),
(299, 'Jobi', 'Carmen', 'Pownall', 'cpownall3b@mozilla.org', 'Female', 'https://robohash.org/repellenduslaborumin.png?size', 'e10adc3949ba59abbe56e057f20f883e', '0000-00-00 00:00:00'),
(300, 'Vlad', 'Tore', 'Saladino', 'tsaladino3c@craigslist.org', 'Male', 'https://robohash.org/magnamcommodinostrum.bmp?size', 'e10adc3949ba59abbe56e057f20f883e', '0000-00-00 00:00:00'),
(301, 'Lexy', 'Cyndie', 'Izakov', 'cizakov3d@wsj.com', 'Female', 'https://robohash.org/explicaboexcepturiimpedit.png', 'e10adc3949ba59abbe56e057f20f883e', '0000-00-00 00:00:00'),
(302, 'Bernardo', 'Cecilius', 'Farryn', 'cfarryn3e@blogger.com', 'Male', 'https://robohash.org/remsimiliqueinventore.bmp?siz', 'e10adc3949ba59abbe56e057f20f883e', '0000-00-00 00:00:00'),
(303, 'Base', 'Panchito', 'Doumerc', 'pdoumerc3f@chronoengine.com', 'Male', 'https://robohash.org/corruptiitaquenumquam.jpg?siz', 'e10adc3949ba59abbe56e057f20f883e', '0000-00-00 00:00:00'),
(304, 'Cybil', 'Reba', 'Allston', 'rallston3g@techcrunch.com', 'Female', 'https://robohash.org/ipsumdignissimosrecusandae.jp', 'e10adc3949ba59abbe56e057f20f883e', '0000-00-00 00:00:00'),
(305, 'Patten', 'Jdavie', 'Nutt', 'jnutt3h@apache.org', 'Male', 'https://robohash.org/omnisquiaeius.bmp?size=50x50&', 'e10adc3949ba59abbe56e057f20f883e', '0000-00-00 00:00:00'),
(306, 'Cchaddie', 'Field', 'Gianetti', 'fgianetti3i@amazon.com', 'Male', 'https://robohash.org/suntdeseruntaliquam.png?size=', 'e10adc3949ba59abbe56e057f20f883e', '0000-00-00 00:00:00'),
(307, 'Kelbee', 'Artair', 'Walak', 'awalak3j@hud.gov', 'Male', 'https://robohash.org/ipsaiureex.jpg?size=50x50&set', 'e10adc3949ba59abbe56e057f20f883e', '0000-00-00 00:00:00'),
(308, 'Thaddus', 'Gael', 'Gregolin', 'ggregolin3k@salon.com', 'Male', 'https://robohash.org/laboreuttotam.jpg?size=50x50&', 'e10adc3949ba59abbe56e057f20f883e', '0000-00-00 00:00:00'),
(309, 'Opaline', 'Maribel', 'Litherborough', 'mlitherborough3l@epa.gov', 'Female', 'https://robohash.org/fugiteiussit.bmp?size=50x50&s', 'e10adc3949ba59abbe56e057f20f883e', '0000-00-00 00:00:00'),
(310, 'Jeramie', 'Marcellus', 'Hanaford', 'mhanaford3m@examiner.com', 'Male', 'https://robohash.org/excepturienimsit.jpg?size=50x', 'e10adc3949ba59abbe56e057f20f883e', '0000-00-00 00:00:00'),
(311, 'Ainslie', 'Dotti', 'Sey', 'dsey3n@tinyurl.com', 'Female', 'https://robohash.org/accusamusiustoet.jpg?size=50x', 'e10adc3949ba59abbe56e057f20f883e', '0000-00-00 00:00:00'),
(312, 'Mayne', 'Culley', 'Cuming', 'ccuming3o@tamu.edu', 'Male', 'https://robohash.org/optioearumaut.png?size=50x50&', 'e10adc3949ba59abbe56e057f20f883e', '0000-00-00 00:00:00'),
(313, 'Cedric', 'Archibaldo', 'Hardy', 'ahardy3p@uiuc.edu', 'Male', 'https://robohash.org/nullasaepemagni.png?size=50x5', 'e10adc3949ba59abbe56e057f20f883e', '0000-00-00 00:00:00'),
(314, 'Cahra', 'Mitzi', 'Chappelle', 'mchappelle3q@tmall.com', 'Female', 'https://robohash.org/voluptatumpossimusullam.png?s', 'e10adc3949ba59abbe56e057f20f883e', '0000-00-00 00:00:00'),
(315, 'Wendi', 'Marlane', 'Licciardo', 'mlicciardo3r@nifty.com', 'Female', 'https://robohash.org/estcumqueest.bmp?size=50x50&s', 'e10adc3949ba59abbe56e057f20f883e', '0000-00-00 00:00:00'),
(316, 'Abramo', 'Manolo', 'Mosey', 'mmosey3s@qq.com', 'Male', 'https://robohash.org/voluptaspossimusnumquam.png?s', 'e10adc3949ba59abbe56e057f20f883e', '0000-00-00 00:00:00'),
(317, 'Giacobo', 'Ferrell', 'Brunet', 'fbrunet3t@comcast.net', 'Male', 'https://robohash.org/idmagniperferendis.png?size=5', 'e10adc3949ba59abbe56e057f20f883e', '0000-00-00 00:00:00'),
(318, 'Ahmad', 'Ximenez', 'Skelbeck', 'xskelbeck3u@illinois.edu', 'Male', 'https://robohash.org/eiusomnisdolorum.jpg?size=50x', 'e10adc3949ba59abbe56e057f20f883e', '0000-00-00 00:00:00'),
(319, 'Ashly', 'Kellsie', 'Garbott', 'kgarbott3v@joomla.org', 'Female', 'https://robohash.org/autrerumex.bmp?size=50x50&set', 'e10adc3949ba59abbe56e057f20f883e', '0000-00-00 00:00:00'),
(320, 'Immanuel', 'West', 'Vowels', 'wvowels3w@ovh.net', 'Male', 'https://robohash.org/rerumsedvoluptatibus.jpg?size', 'e10adc3949ba59abbe56e057f20f883e', '0000-00-00 00:00:00'),
(321, 'Ravid', 'Yardley', 'Budcock', 'ybudcock3x@reuters.com', 'Male', 'https://robohash.org/aprovidenteos.png?size=50x50&', 'e10adc3949ba59abbe56e057f20f883e', '0000-00-00 00:00:00'),
(322, 'Bo', 'Dael', 'Meneghi', 'dmeneghi3y@tmall.com', 'Male', 'https://robohash.org/autsuntomnis.png?size=50x50&s', 'e10adc3949ba59abbe56e057f20f883e', '0000-00-00 00:00:00'),
(323, 'Amber', 'Esther', 'Recher', 'erecher3z@ebay.co.uk', 'Female', 'https://robohash.org/magnammaximevoluptatem.bmp?si', 'e10adc3949ba59abbe56e057f20f883e', '0000-00-00 00:00:00'),
(324, 'Alaster', 'Kipp', 'Salazar', 'ksalazar40@mapy.cz', 'Male', 'https://robohash.org/aspernaturculpased.jpg?size=5', 'e10adc3949ba59abbe56e057f20f883e', '0000-00-00 00:00:00'),
(325, 'Winifield', 'Calvin', 'Widocks', 'cwidocks41@dailymail.co.uk', 'Male', 'https://robohash.org/veroetprovident.jpg?size=50x5', 'e10adc3949ba59abbe56e057f20f883e', '0000-00-00 00:00:00'),
(326, 'Patton', 'Mal', 'Drakes', 'mdrakes42@mozilla.com', 'Male', 'https://robohash.org/doloremquevoluptatemculpa.bmp', 'e10adc3949ba59abbe56e057f20f883e', '0000-00-00 00:00:00'),
(327, 'Zonnya', 'Kiersten', 'Egglestone', 'kegglestone43@123-reg.co.uk', 'Female', 'https://robohash.org/commodiquidistinctio.bmp?size', 'e10adc3949ba59abbe56e057f20f883e', '0000-00-00 00:00:00'),
(328, 'Phaedra', 'Dulciana', 'Tramel', 'dtramel44@bluehost.com', 'Female', 'https://robohash.org/quoeosquis.jpg?size=50x50&set', 'e10adc3949ba59abbe56e057f20f883e', '0000-00-00 00:00:00'),
(330, 'Royce', 'Sarge', 'McKeurtan', 'smckeurtan46@people.com.cn', 'Male', 'https://robohash.org/consecteturminimasint.bmp?siz', 'e10adc3949ba59abbe56e057f20f883e', '0000-00-00 00:00:00'),
(331, 'Tish', 'Adelina', 'Abelovitz', 'aabelovitz5k@google.fr', 'Female', 'https://robohash.org/delectusethic.jpg?size=50x50&', 'e10adc3949ba59abbe56e057f20f883e', '0000-00-00 00:00:00'),
(332, 'Niels', 'Antoni', 'Scothorne', 'ascothorne5l@unc.edu', 'Male', 'https://robohash.org/iustomodiveniam.bmp?size=50x5', 'e10adc3949ba59abbe56e057f20f883e', '0000-00-00 00:00:00'),
(333, 'Broddie', 'Niven', 'Wildbore', 'nwildbore5m@furl.net', 'Male', 'https://robohash.org/quiaquiveritatis.jpg?size=50x', 'e10adc3949ba59abbe56e057f20f883e', '0000-00-00 00:00:00'),
(334, 'Marietta', 'Tull', 'Backman', 'tbackman5n@nbcnews.com', 'Male', 'https://robohash.org/rerumnecessitatibusipsa.png?s', 'e10adc3949ba59abbe56e057f20f883e', '0000-00-00 00:00:00'),
(335, 'Ario', 'Sergei', 'Pennaman', 'spennaman5o@gnu.org', 'Male', 'https://robohash.org/autveliste.png?size=50x50&set', 'e10adc3949ba59abbe56e057f20f883e', '0000-00-00 00:00:00'),
(336, 'Bobbie', 'Astrid', 'Bramstom', 'abramstom5p@theatlantic.com', 'Female', 'https://robohash.org/exercitationemfacereeveniet.b', 'e10adc3949ba59abbe56e057f20f883e', '0000-00-00 00:00:00'),
(337, 'Emmy', 'Avram', 'Magog', 'amagog5q@gnu.org', 'Male', 'https://robohash.org/cupiditaterepellatunde.jpg?si', 'e10adc3949ba59abbe56e057f20f883e', '0000-00-00 00:00:00'),
(338, 'Candis', 'Fae', 'Dumingos', 'fdumingos5r@privacy.gov.au', 'Female', 'https://robohash.org/explicabotemporaquis.bmp?size', 'e10adc3949ba59abbe56e057f20f883e', '0000-00-00 00:00:00'),
(339, 'Arty', 'Timothee', 'Nardoni', 'tnardoni5s@wp.com', 'Male', 'https://robohash.org/cumquenemoperspiciatis.bmp?si', 'e10adc3949ba59abbe56e057f20f883e', '0000-00-00 00:00:00'),
(340, 'Clemence', 'Alexandrina', 'Lorain', 'alorain5t@salon.com', 'Female', 'https://robohash.org/laudantiumaccusantiumodio.jpg', 'e10adc3949ba59abbe56e057f20f883e', '0000-00-00 00:00:00'),
(341, 'Guendolen', 'Malva', 'McIlwraith', 'mmcilwraith5u@salon.com', 'Female', 'https://robohash.org/velitseddolorem.bmp?size=50x5', 'e10adc3949ba59abbe56e057f20f883e', '0000-00-00 00:00:00'),
(342, 'Hardy', 'Barrie', 'Goldsmith', 'bgoldsmith5v@ucoz.ru', 'Male', 'https://robohash.org/etodioillum.png?size=50x50&se', 'e10adc3949ba59abbe56e057f20f883e', '0000-00-00 00:00:00'),
(343, 'Darya', 'Sadella', 'Lalor', 'slalor5w@mediafire.com', 'Female', 'https://robohash.org/autetprovident.jpg?size=50x50', 'e10adc3949ba59abbe56e057f20f883e', '0000-00-00 00:00:00'),
(344, 'Gris', 'Reggis', 'Goodley', 'rgoodley5x@yahoo.com', 'Male', 'https://robohash.org/molestiaeautdolore.jpg?size=5', 'e10adc3949ba59abbe56e057f20f883e', '0000-00-00 00:00:00'),
(345, 'Thurstan', 'Avrom', 'Boarder', 'aboarder5y@jiathis.com', 'Male', 'https://robohash.org/esteiussint.png?size=50x50&se', 'e10adc3949ba59abbe56e057f20f883e', '0000-00-00 00:00:00'),
(346, 'Augy', 'Hilarius', 'Kingswell', 'hkingswell5z@instagram.com', 'Male', 'https://robohash.org/perferendisethic.jpg?size=50x', 'e10adc3949ba59abbe56e057f20f883e', '0000-00-00 00:00:00'),
(347, 'Butch', 'Maddy', 'Gypson', 'mgypson60@behance.net', 'Male', 'https://robohash.org/iureetet.png?size=50x50&set=s', 'e10adc3949ba59abbe56e057f20f883e', '0000-00-00 00:00:00'),
(348, 'Ethelda', 'Tybie', 'Leachman', 'tleachman61@unesco.org', 'Female', 'https://robohash.org/adevenietporro.bmp?size=50x50', 'e10adc3949ba59abbe56e057f20f883e', '0000-00-00 00:00:00'),
(349, 'Nicola', 'Letisha', 'Hartshorne', 'lhartshorne62@addtoany.com', 'Female', 'https://robohash.org/eaqueatvel.jpg?size=50x50&set', 'e10adc3949ba59abbe56e057f20f883e', '0000-00-00 00:00:00'),
(350, 'Larissa', 'Betti', 'Coggins', 'bcoggins63@blog.com', 'Female', 'https://robohash.org/accusamusrationequo.bmp?size=', 'e10adc3949ba59abbe56e057f20f883e', '0000-00-00 00:00:00'),
(351, 'Lorrie', 'Saundra', 'Emeline', 'semeline64@hatena.ne.jp', 'Male', 'https://robohash.org/laborevelitexplicabo.jpg?size', 'e10adc3949ba59abbe56e057f20f883e', '0000-00-00 00:00:00'),
(352, 'Cort', 'Horst', 'Kydde', 'hkydde65@alibaba.com', 'Male', 'https://robohash.org/expeditaconsecteturincidunt.p', 'e10adc3949ba59abbe56e057f20f883e', '0000-00-00 00:00:00'),
(354, 'Alice', 'Kerry', 'Babbidge', 'kbabbidge67@rediff.com', 'Female', 'https://robohash.org/ducimusnamdicta.png?size=50x5', 'e10adc3949ba59abbe56e057f20f883e', '0000-00-00 00:00:00'),
(355, 'Francis', 'Anselm', 'Ennals', 'aennals68@google.de', 'Male', 'https://robohash.org/quieumrepellat.png?size=50x50', 'e10adc3949ba59abbe56e057f20f883e', '0000-00-00 00:00:00'),
(356, 'Meyer', 'Jeremy', 'Tacey', 'jtacey69@accuweather.com', 'Male', 'https://robohash.org/doloressitnemo.jpg?size=50x50', 'e10adc3949ba59abbe56e057f20f883e', '0000-00-00 00:00:00'),
(357, 'Burr', 'Rodolphe', 'Florentine', 'rflorentine6a@unicef.org', 'Male', 'https://robohash.org/ututrerum.png?size=50x50&set=', 'e10adc3949ba59abbe56e057f20f883e', '0000-00-00 00:00:00'),
(358, 'Jaimie', 'Claudine', 'Jacks', 'cjacks6b@google.com', 'Female', 'https://robohash.org/quiaquidemest.bmp?size=50x50&', 'e10adc3949ba59abbe56e057f20f883e', '0000-00-00 00:00:00'),
(359, 'Caty', 'Tedda', 'Jurisic', 'tjurisic6c@clickbank.net', 'Female', 'https://robohash.org/fugatemporaexpedita.bmp?size=', 'e10adc3949ba59abbe56e057f20f883e', '0000-00-00 00:00:00'),
(360, 'Berri', 'Rennie', 'Gregersen', 'rgregersen6d@reference.com', 'Female', 'https://robohash.org/etdolorumvoluptas.jpg?size=50', 'e10adc3949ba59abbe56e057f20f883e', '0000-00-00 00:00:00'),
(361, 'Patty', 'Hector', 'Ivanin', 'hivanin6e@twitter.com', 'Male', 'https://robohash.org/ullamvoluptatibusearum.png?si', 'e10adc3949ba59abbe56e057f20f883e', '0000-00-00 00:00:00'),
(362, 'Tandi', 'Drucill', 'Pealing', 'dpealing6f@prlog.org', 'Female', 'https://robohash.org/aliquidmaximenam.png?size=50x', 'e10adc3949ba59abbe56e057f20f883e', '0000-00-00 00:00:00'),
(363, 'Teodor', 'Cobby', 'Mabey', 'cmabey6g@alibaba.com', 'Male', 'https://robohash.org/solutaasit.png?size=50x50&set', 'e10adc3949ba59abbe56e057f20f883e', '0000-00-00 00:00:00'),
(364, 'Carey', 'Tatum', 'Castelluzzi', 'tcastelluzzi6h@bloglovin.com', 'Female', 'https://robohash.org/veritatisautvoluptatem.bmp?si', 'e10adc3949ba59abbe56e057f20f883e', '0000-00-00 00:00:00'),
(365, 'Maridel', 'Coretta', 'Scneider', 'cscneider6i@google.com.au', 'Female', 'https://robohash.org/estconsequaturconsequatur.jpg', 'e10adc3949ba59abbe56e057f20f883e', '0000-00-00 00:00:00'),
(366, 'Avivah', 'Corine', 'Flancinbaum', 'cflancinbaum6j@theglobeandmail', 'Female', 'https://robohash.org/quoquamculpa.bmp?size=50x50&s', 'e10adc3949ba59abbe56e057f20f883e', '0000-00-00 00:00:00'),
(367, 'Inger', 'Benji', 'Gladtbach', 'bgladtbach6k@google.ru', 'Male', 'https://robohash.org/perferendismolestiaerem.png?s', 'e10adc3949ba59abbe56e057f20f883e', '0000-00-00 00:00:00'),
(368, 'Fred', 'Katrine', 'Wallbank', 'kwallbank6l@nbcnews.com', 'Female', 'https://robohash.org/consecteturofficiisomnis.jpg?', 'e10adc3949ba59abbe56e057f20f883e', '0000-00-00 00:00:00'),
(369, 'Cissiee', 'Pearline', 'Chancelier', 'pchancelier6m@bing.com', 'Female', 'https://robohash.org/iustoitaqueest.png?size=50x50', 'e10adc3949ba59abbe56e057f20f883e', '0000-00-00 00:00:00'),
(370, 'Riccardo', 'Mack', 'Roberson', 'mroberson6n@ehow.com', 'Male', 'https://robohash.org/doloraquia.png?size=50x50&set', 'e10adc3949ba59abbe56e057f20f883e', '0000-00-00 00:00:00'),
(371, 'Lorant', 'Rutledge', 'Loadman', 'rloadman6o@wikia.com', 'Male', 'https://robohash.org/repellendusetimpedit.jpg?size', 'e10adc3949ba59abbe56e057f20f883e', '0000-00-00 00:00:00'),
(372, 'Hedi', 'Sherye', 'Hainey', 'shainey6p@hexun.com', 'Female', 'https://robohash.org/voluptasinquia.bmp?size=50x50', 'e10adc3949ba59abbe56e057f20f883e', '0000-00-00 00:00:00'),
(373, 'Vidovic', 'Rollin', 'Linnock', 'rlinnock6q@sciencedirect.com', 'Male', 'https://robohash.org/eteiusaspernatur.bmp?size=50x', 'e10adc3949ba59abbe56e057f20f883e', '0000-00-00 00:00:00'),
(374, 'Christyna', 'Dulsea', 'Kairns', 'dkairns6r@noaa.gov', 'Female', 'https://robohash.org/etquibusdamut.png?size=50x50&', 'e10adc3949ba59abbe56e057f20f883e', '0000-00-00 00:00:00'),
(375, 'Renard', 'Bronny', 'Wadforth', 'bwadforth6s@hexun.com', 'Male', 'https://robohash.org/voluptaserroraut.bmp?size=50x', 'e10adc3949ba59abbe56e057f20f883e', '0000-00-00 00:00:00'),
(376, 'Marisa', 'Stafani', 'Perrelle', 'sperrelle6t@furl.net', 'Female', 'https://robohash.org/quasiatnon.jpg?size=50x50&set', 'e10adc3949ba59abbe56e057f20f883e', '0000-00-00 00:00:00'),
(377, 'Ingrid', 'Gabriella', 'Quigley', 'gquigley6u@amazon.com', 'Female', 'https://robohash.org/dolorculpaqui.jpg?size=50x50&', 'e10adc3949ba59abbe56e057f20f883e', '0000-00-00 00:00:00'),
(378, 'Susanna', 'Guglielma', 'Onslow', 'gonslow6v@1688.com', 'Female', 'https://robohash.org/estquisquamassumenda.png?size', 'e10adc3949ba59abbe56e057f20f883e', '0000-00-00 00:00:00'),
(380, 'Frederick', 'Herold', 'Klehn', 'hklehn6x@fastcompany.com', 'Male', 'https://robohash.org/veroquodexercitationem.bmp?si', 'e10adc3949ba59abbe56e057f20f883e', '0000-00-00 00:00:00'),
(381, 'Leontyne', 'Eimile', 'Wrenn', 'ewrenn6y@furl.net', 'Female', 'https://robohash.org/etexplicaboid.jpg?size=50x50&', 'e10adc3949ba59abbe56e057f20f883e', '0000-00-00 00:00:00'),
(386, 'justani', 'Aniruddh', 'Dubey', 'justani98@gmail.com', 'male', NULL, 'e10adc3949ba59abbe56e057f20f883e', '2019-05-23 10:10:14'),
(387, 'justavi', 'Ani', 'Dubey', 'a@gmail.com', 'Male', NULL, 'e10adc3949ba59abbe56e057f20f883e', '2019-05-23 12:45:52');

--
-- Indexes for dumped tables
--

--
-- Indexes for table `album`
--
ALTER TABLE `album`
  ADD PRIMARY KEY (`id`),
  ADD KEY `FOREIGN` (`created_by`);

--
-- Indexes for table `like_album`
--
ALTER TABLE `like_album`
  ADD PRIMARY KEY (`album_id`,`user_id`),
  ADD KEY `user_id` (`user_id`);

--
-- Indexes for table `like_photo`
--
ALTER TABLE `like_photo`
  ADD PRIMARY KEY (`photo_id`,`user_id`),
  ADD KEY `user_id` (`user_id`);

--
-- Indexes for table `photo`
--
ALTER TABLE `photo`
  ADD PRIMARY KEY (`id`),
  ADD KEY `album_id` (`album_id`);

--
-- Indexes for table `user`
--
ALTER TABLE `user`
  ADD PRIMARY KEY (`id`,`username`),
  ADD UNIQUE KEY `UNIQUE` (`username`);

--
-- AUTO_INCREMENT for dumped tables
--

--
-- AUTO_INCREMENT for table `album`
--
ALTER TABLE `album`
  MODIFY `id` int(11) NOT NULL AUTO_INCREMENT, AUTO_INCREMENT=819;

--
-- AUTO_INCREMENT for table `photo`
--
ALTER TABLE `photo`
  MODIFY `id` int(11) NOT NULL AUTO_INCREMENT, AUTO_INCREMENT=101;

--
-- AUTO_INCREMENT for table `user`
--
ALTER TABLE `user`
  MODIFY `id` int(11) NOT NULL AUTO_INCREMENT, AUTO_INCREMENT=388;

--
-- Constraints for dumped tables
--

--
-- Constraints for table `album`
--
ALTER TABLE `album`
  ADD CONSTRAINT `album_ibfk_1` FOREIGN KEY (`created_by`) REFERENCES `user` (`username`);

--
-- Constraints for table `like_album`
--
ALTER TABLE `like_album`
  ADD CONSTRAINT `like_album_ibfk_1` FOREIGN KEY (`album_id`) REFERENCES `album` (`id`),
  ADD CONSTRAINT `like_album_ibfk_2` FOREIGN KEY (`user_id`) REFERENCES `user` (`id`);

--
-- Constraints for table `like_photo`
--
ALTER TABLE `like_photo`
  ADD CONSTRAINT `like_photo_ibfk_2` FOREIGN KEY (`user_id`) REFERENCES `user` (`id`),
  ADD CONSTRAINT `like_photo_ibfk_3` FOREIGN KEY (`photo_id`) REFERENCES `photo` (`id`);

--
-- Constraints for table `photo`
--
ALTER TABLE `photo`
  ADD CONSTRAINT `photo_ibfk_1` FOREIGN KEY (`album_id`) REFERENCES `album` (`id`);
COMMIT;

/*!40101 SET CHARACTER_SET_CLIENT=@OLD_CHARACTER_SET_CLIENT */;
/*!40101 SET CHARACTER_SET_RESULTS=@OLD_CHARACTER_SET_RESULTS */;
/*!40101 SET COLLATION_CONNECTION=@OLD_COLLATION_CONNECTION */;
